model,role,roc_auc,accuracy
RandomForest,main,0.9,0.8571428571428571
XGBoost,main,0.8818181818181818,0.8095238095238095
