model,role,roc_auc,accuracy
LightGBM,comparison,0.8181818181818181,0.7142857142857143
